Datum;Soort;Ticker;Naam;Aantal;Koers;Bedrag
09/08/2026 07:49:00;KOOP;IWDA;iShares IMC World;10.0;125.0;1250.0
09/08/2026 11:13:13;KOOP;IWDA;iShares IMC World;5.0;130.0;650.0
09/08/2026 11:13:34;VERKOOP;IWDA;iShares IMC World;3.0;135.0;405.0
10/08/2026 09:59:28;KOOP;EMIM;iShares Core MSCI Emerging Markets;5.0;100.5;502.5
10/08/2026 10:01:21;VERKOOP;EMIM;iShares Core MSCI Emerging Markets;5.0;100.5;502.5
10/08/2026 12:43:40;KOOP;IWDA;iShere Core MSCI;5.0;120.0;600.0
10/08/2026 12:47:02;KOOP;IWDA;iShere Core MSCI;10.0;100.0;1000.0
10/08/2026 12:51:09;KOOP;IWDA;iShares Core MSCI;2.0;99.0;198.0
10/08/2026 12:54:45;VERKOOP;IWDA;iShares IMC World;4.0;120.0;480.0
